x,y
-0.025,-0.175
0.175,-0.175
0.375,-0.175
0.575,-0.175
0.775,-0.175
0.975,-0.175
1.175,-0.175
1.375,-0.175
1.575,-0.175
1.775,-0.175
1.975,-0.175
2.175,-0.175
2.375,-0.175
2.575,-0.175
2.775,-0.175
2.975,-0.175
3.175,-0.175
3.375,-0.175
3.575,-0.175
3.775,-0.175
3.975,-0.175
4.175,-0.175
4.375,-0.175
4.575,-0.175
4.775,-0.175
4.975,-0.175
5.175,-0.175
5.375,-0.175
5.575,-0.175
5.775,-0.175
5.975,-0.175
6.175,-0.175
6.375,-0.175
6.575,-0.175
6.775,-0.175
6.975,-0.175
7.175,-0.175
7.375,-0.175
7.575,-0.175
7.775,-0.175
7.975,-0.175
8.175,-0.175
8.375,-0.175
8.575,-0.175
8.775,-0.175
8.975,-0.175
9.175,-0.175
9.373,-0.151
9.556,-0.074
9.693,0.070
9.788,0.246
9.843,0.438
9.867,0.636
9.875,0.836
9.872,1.036
9.850,1.235
9.805,1.430
9.748,1.621
9.707,1.817
9.684,2.015
9.676,2.215
9.681,2.415
9.689,2.615
9.696,2.815
9.700,3.015
9.700,3.215
9.700,3.415
9.700,3.615
9.700,3.815
9.700,4.015
9.700,4.215
9.700,4.415
9.700,4.615
9.700,4.815
9.700,5.015
9.700,5.215
9.700,5.415
9.700,5.615
9.700,5.815
9.698,6.015
9.689,6.215
9.675,6.414
9.675,6.614
9.693,6.813
9.715,7.012
9.722,7.212
9.721,7.412
9.720,7.612
9.714,7.811
9.697,8.011
9.656,8.206
9.579,8.390
9.430,8.521
9.241,8.583
9.043,8.611
8.844,8.623
8.644,8.625
8.444,8.625
8.244,8.625
8.044,8.625
7.844,8.625
7.644,8.625
7.444,8.625
7.244,8.625
7.044,8.625
6.844,8.625
6.644,8.625
6.444,8.625
6.244,8.625
6.044,8.625
5.844,8.625
5.644,8.625
5.444,8.625
5.244,8.625
5.044,8.625
4.844,8.625
4.644,8.625
4.444,8.625
4.244,8.625
4.044,8.625
3.844,8.625
3.644,8.625
3.444,8.625
3.244,8.625
3.044,8.625
2.844,8.625
2.644,8.625
2.444,8.625
2.244,8.625
2.044,8.625
1.844,8.625
1.644,8.625
1.444,8.625
1.244,8.625
1.044,8.625
0.844,8.625
0.644,8.625
0.444,8.625
0.244,8.625
0.044,8.625
-0.156,8.625
-0.356,8.625
-0.556,8.625
-0.756,8.625
-0.956,8.625
-1.156,8.625
-1.356,8.625
-1.556,8.625
-1.756,8.625
-1.956,8.625
-2.156,8.624
-2.356,8.617
-2.556,8.609
-2.756,8.602
-2.956,8.600
-3.156,8.600
-3.356,8.600
-3.556,8.600
-3.756,8.600
-3.956,8.600
-4.156,8.600
-4.356,8.600
-4.556,8.600
-4.756,8.600
-4.956,8.600
-5.156,8.600
-5.356,8.600
-5.556,8.600
-5.756,8.600
-5.956,8.600
-6.156,8.600
-6.356,8.600
-6.556,8.600
-6.756,8.600
-6.956,8.600
-7.156,8.600
-7.356,8.600
-7.556,8.600
-7.756,8.600
-7.956,8.600
-8.156,8.600
-8.356,8.600
-8.556,8.600
-8.756,8.600
-8.956,8.600
-9.156,8.600
-9.356,8.600
-9.556,8.600
-9.756,8.600
-9.956,8.600
-10.156,8.600
-10.356,8.600
-10.556,8.600
-10.756,8.600
-10.956,8.600
-11.156,8.600
-11.356,8.600
-11.556,8.600
-11.756,8.600
-11.956,8.600
-12.156,8.600
-12.356,8.600
-12.556,8.600
-12.756,8.601
-12.956,8.603
-13.156,8.607
-13.353,8.582
-13.526,8.485
-13.626,8.315
-13.678,8.121
-13.708,7.924
-13.722,7.724
-13.725,7.524
-13.724,7.324
-13.718,7.125
-13.710,6.925
-13.703,6.725
-13.700,6.525
-13.700,6.325
-13.700,6.125
-13.700,5.925
-13.700,5.725
-13.700,5.525
-13.700,5.325
-13.699,5.125
-13.695,4.925
-13.686,4.725
-13.645,4.530
-13.589,4.339
-13.610,4.142
-13.678,3.954
-13.707,3.757
-13.717,3.557
-13.723,3.357
-13.725,3.157
-13.725,2.957
-13.725,2.757
-13.725,2.557
-13.725,2.357
-13.725,2.157
-13.725,1.957
-13.725,1.757
-13.725,1.557
-13.725,1.357
-13.725,1.157
-13.725,0.957
-13.724,0.757
-13.715,0.557
-13.692,0.359
-13.650,0.163
-13.578,-0.022
-13.429,-0.152
-13.237,-0.204
-13.037,-0.204
-12.838,-0.195
-12.638,-0.186
-12.438,-0.178
-12.238,-0.175
-12.038,-0.175
-11.838,-0.175
-11.638,-0.175
-11.438,-0.175
-11.238,-0.175
-11.038,-0.175
-10.838,-0.175
-10.638,-0.171
-10.438,-0.163
-10.238,-0.156
-10.039,-0.150
-9.839,-0.150
-9.639,-0.150
-9.439,-0.150
-9.239,-0.150
-9.039,-0.150
-8.839,-0.150
-8.639,-0.150
-8.439,-0.150
-8.239,-0.150
-8.039,-0.150
-7.839,-0.150
-7.639,-0.150
-7.439,-0.150
-7.239,-0.150
-7.039,-0.150
-6.839,-0.150
-6.639,-0.150
-6.439,-0.150
-6.239,-0.150
-6.039,-0.150
-5.839,-0.150
-5.639,-0.150
-5.439,-0.150
-5.239,-0.150
-5.039,-0.150
-4.839,-0.150
-4.639,-0.152
-4.439,-0.160
-4.239,-0.167
-4.039,-0.174
-3.839,-0.175
-3.639,-0.175
-3.439,-0.175
-3.239,-0.175
-3.039,-0.175
-2.839,-0.175
-2.639,-0.175
-2.439,-0.175
-2.239,-0.175
-2.039,-0.175
-1.839,-0.175
-1.639,-0.175
-1.439,-0.175
-1.239,-0.175
-1.039,-0.175
-0.839,-0.175
-0.639,-0.175
-0.439,-0.175
-0.239,-0.175
-0.039,-0.175
